{"cameraMode":{"drawMode":0,"name":"Shaded","section":"Shading Mode"},"sceneLighting":false,"audioPlay":false,"sceneViewState":{"m_AlwaysRefresh":false,"showFog":true,"showSkybox":false,"showFlares":true,"showImageEffects":true,"showParticleSystems":true,"showVisualEffectGraphs":true,"m_FxEnabled":true},"in2DMode":false,"pivot":{"x":0.4128713011741638,"y":1.0131258964538575,"z":0.06459033489227295},"rotation":{"x":0.17917872965335847,"y":0.22034621238708497,"z":-0.041114065796136859,"w":0.9583460092544556},"size":4.500979423522949,"orthographic":false}