{"cameraMode":{"drawMode":0,"name":"Shaded","section":"Shading Mode"},"sceneLighting":false,"audioPlay":false,"sceneViewState":{"m_AlwaysRefresh":false,"showFog":true,"showSkybox":false,"showFlares":true,"showImageEffects":true,"showParticleSystems":true,"showVisualEffectGraphs":true,"m_FxEnabled":true},"in2DMode":false,"pivot":{"x":0.7444870471954346,"y":0.2275221347808838,"z":-0.45289865136146548},"rotation":{"x":0.14898264408111573,"y":0.6287868618965149,"z":-0.12449909746646881,"w":0.7534829378128052},"size":0.7735992670059204,"orthographic":false}