{"cameraMode":{"drawMode":0,"name":"Shaded","section":"Shading Mode"},"sceneLighting":true,"audioPlay":false,"sceneViewState":{"m_AlwaysRefresh":false,"showFog":true,"showSkybox":false,"showFlares":true,"showImageEffects":true,"showParticleSystems":true,"showVisualEffectGraphs":true,"m_FxEnabled":true},"in2DMode":false,"pivot":{"x":-0.6734821796417236,"y":3.5423951148986818,"z":9.349217414855957},"rotation":{"x":0.18878869712352754,"y":-0.10123243927955628,"z":0.018796853721141816,"w":0.9769570231437683},"size":9.94493293762207,"orthographic":false}