{"cameraMode":{"drawMode":0,"name":"Shaded","section":"Shading Mode"},"sceneLighting":false,"audioPlay":false,"sceneViewState":{"m_AlwaysRefresh":false,"showFog":true,"showSkybox":false,"showFlares":true,"showImageEffects":true,"showParticleSystems":true,"showVisualEffectGraphs":true,"m_FxEnabled":true},"in2DMode":false,"pivot":{"x":0.0025942623615264894,"y":0.17819899320602418,"z":0.09648418426513672},"rotation":{"x":0.23262052237987519,"y":-0.14290572702884675,"z":0.034629933536052707,"w":0.9617906212806702},"size":3.701418876647949,"orthographic":false}