{"cameraMode":{"drawMode":0,"name":"Shaded","section":"Shading Mode"},"sceneLighting":false,"audioPlay":false,"sceneViewState":{"m_AlwaysRefresh":false,"showFog":true,"showSkybox":false,"showFlares":true,"showImageEffects":true,"showParticleSystems":true,"showVisualEffectGraphs":true,"m_FxEnabled":true},"in2DMode":false,"pivot":{"x":0.06840753555297852,"y":0.44974416494369509,"z":0.9923850297927856},"rotation":{"x":0.23262052237987519,"y":-0.14290572702884675,"z":0.034629933536052707,"w":0.9617906212806702},"size":2.0394444465637209,"orthographic":false}