{"cameraMode":{"drawMode":0,"name":"Shaded","section":"Shading Mode"},"sceneLighting":true,"audioPlay":false,"sceneViewState":{"m_AlwaysRefresh":false,"showFog":true,"showSkybox":false,"showFlares":true,"showImageEffects":true,"showParticleSystems":true,"showVisualEffectGraphs":true,"m_FxEnabled":true},"in2DMode":false,"pivot":{"x":-2.815117835998535,"y":0.000003814697265625,"z":6.469188690185547},"rotation":{"x":0.2502875030040741,"y":-0.08223742246627808,"z":0.021110044792294503,"w":0.9647727608680725},"size":8.539131164550782,"orthographic":false}