{"cameraMode":{"drawMode":0,"name":"Shaded","section":"Shading Mode"},"sceneLighting":false,"audioPlay":false,"sceneViewState":{"m_AlwaysRefresh":false,"showFog":true,"showSkybox":false,"showFlares":true,"showImageEffects":true,"showParticleSystems":true,"showVisualEffectGraphs":true,"m_FxEnabled":true},"in2DMode":false,"pivot":{"x":0.9951349496841431,"y":-2.5481033325195314,"z":2.778682231903076},"rotation":{"x":0.401334673166275,"y":0.006394535768777132,"z":-0.0027846861630678179,"w":0.9163278937339783},"size":6.929214000701904,"orthographic":false}