{"cameraMode":{"drawMode":0,"name":"Shaded","section":"Shading Mode"},"sceneLighting":false,"audioPlay":false,"sceneViewState":{"m_AlwaysRefresh":false,"showFog":true,"showSkybox":false,"showFlares":true,"showImageEffects":true,"showParticleSystems":true,"showVisualEffectGraphs":true,"m_FxEnabled":true},"in2DMode":false,"pivot":{"x":1.4000000953674317,"y":1.1211410760879517,"z":6.989999771118164},"rotation":{"x":0.22471244633197785,"y":-0.4766668677330017,"z":0.12746982276439668,"w":0.8402824401855469},"size":3.3938441276550295,"orthographic":false}