{"cameraMode":{"drawMode":0,"name":"Shaded","section":"Shading Mode"},"sceneLighting":true,"audioPlay":false,"sceneViewState":{"m_AlwaysRefresh":false,"showFog":true,"showSkybox":false,"showFlares":true,"showImageEffects":true,"showParticleSystems":true,"showVisualEffectGraphs":true,"m_FxEnabled":true},"in2DMode":false,"pivot":{"x":-2.0287892818450929,"y":0.9759169220924377,"z":3.4723358154296877},"rotation":{"x":-0.08998134732246399,"y":-0.072788305580616,"z":0.0065088639967143539,"w":-0.9935421943664551},"size":0.7510221004486084,"orthographic":false}