{"cameraMode":{"drawMode":0,"name":"Shaded","section":"Shading Mode"},"sceneLighting":true,"audioPlay":false,"sceneViewState":{"m_AlwaysRefresh":false,"showFog":true,"showSkybox":false,"showFlares":true,"showImageEffects":true,"showParticleSystems":true,"showVisualEffectGraphs":true,"m_FxEnabled":true},"in2DMode":false,"pivot":{"x":-0.3964664340019226,"y":2.929103374481201,"z":1.1214194297790528},"rotation":{"x":0.24767717719078065,"y":-0.06780897825956345,"z":0.017149999737739564,"w":0.9666451215744019},"size":5.192357063293457,"orthographic":false}