{"cameraMode":{"drawMode":0,"name":"Shaded","section":"Shading Mode"},"sceneLighting":false,"audioPlay":false,"sceneViewState":{"m_AlwaysRefresh":false,"showFog":true,"showSkybox":false,"showFlares":true,"showImageEffects":true,"showParticleSystems":true,"showVisualEffectGraphs":true,"m_FxEnabled":true},"in2DMode":false,"pivot":{"x":-0.07992953062057495,"y":1.059541940689087,"z":-0.0015687942504882813},"rotation":{"x":0.23262052237987519,"y":-0.14290572702884675,"z":0.034629933536052707,"w":0.9617906212806702},"size":4.295273303985596,"orthographic":false}