{"cameraMode":{"drawMode":0,"name":"Shaded","section":"Shading Mode"},"sceneLighting":false,"audioPlay":false,"sceneViewState":{"m_AlwaysRefresh":false,"showFog":true,"showSkybox":false,"showFlares":true,"showImageEffects":true,"showParticleSystems":true,"showVisualEffectGraphs":true,"m_FxEnabled":true},"in2DMode":false,"pivot":{"x":-3.0500099658966066,"y":2.451763868331909,"z":0.0007062256336212158},"rotation":{"x":0.17374548316001893,"y":-0.0973200798034668,"z":0.01725715771317482,"w":0.9798183441162109},"size":4.106788158416748,"orthographic":false}