{"cameraMode":{"drawMode":0,"name":"Shaded","section":"Shading Mode"},"sceneLighting":true,"audioPlay":false,"sceneViewState":{"m_AlwaysRefresh":false,"showFog":true,"showSkybox":false,"showFlares":true,"showImageEffects":true,"showParticleSystems":true,"showVisualEffectGraphs":true,"m_FxEnabled":true},"in2DMode":false,"pivot":{"x":-1.3376015424728394,"y":1.212581992149353,"z":3.7023684978485109},"rotation":{"x":-0.052678726613521579,"y":0.08032979816198349,"z":-0.0036373548209667207,"w":-0.995581865310669},"size":1.3807051181793213,"orthographic":false}