{"cameraMode":{"drawMode":0,"name":"Shaded","section":"Shading Mode"},"sceneLighting":true,"audioPlay":false,"sceneViewState":{"m_AlwaysRefresh":false,"showFog":true,"showSkybox":false,"showFlares":true,"showImageEffects":true,"showParticleSystems":true,"showVisualEffectGraphs":true,"m_FxEnabled":true},"in2DMode":false,"pivot":{"x":4.314970016479492,"y":-4.792356014251709,"z":12.290538787841797},"rotation":{"x":-0.02412114106118679,"y":-0.9737331867218018,"z":0.19114910066127778,"w":-0.12407718598842621},"size":13.306693077087403,"orthographic":false}