{"cameraMode":{"drawMode":0,"name":"Shaded","section":"Shading Mode"},"sceneLighting":true,"audioPlay":false,"sceneViewState":{"m_AlwaysRefresh":false,"showFog":true,"showSkybox":true,"showFlares":true,"showImageEffects":true,"showParticleSystems":true,"showVisualEffectGraphs":true,"m_FxEnabled":true},"in2DMode":false,"pivot":{"x":5.818332672119141,"y":3.3281679153442385,"z":5.670886993408203},"rotation":{"x":0.16401930153369904,"y":0.42900311946868899,"z":-0.07953264564275742,"w":0.8847225904464722},"size":11.672677040100098,"orthographic":false}